Source Language,Target Language,Source,Candidate,Translation Time (s)
Korean,English,"""그는 """"현재 4개월 된 당뇨병에서 치료된 생쥐가 있다""""고 덧붙였다.""","He added that ""there are mice that have been cured of diabetes for four months.""",0.9757
Korean,English,노바스코샤주 핼리팩스의 댈하우지대학교 의과 교수이자 캐나다 당뇨 협회 임상과학부 의장인 Ehud Ur 박사는 이 연구가 아직 초기 단계라고 경고했습니다.,"Dr. Ehud Ur, a professor at Dalhousie University in Halifax, Nova Scotia, and chair of the clinical science department of the Canadian Diabetes Association, cautioned that this research is still in its early stages.",2.5632
Korean,English,"다른 전문가들과 마찬가지로, 그는 당뇨병의 치료 여부에 회의적이며, 이러한 결과는 제1형 당뇨병 환자에게는 관련이 없음을 지적합니다.","Like other experts, he is skeptical about the treatment of diabetes and notes that these results are irrelevant to type 1 diabetes patients.",1.5493
Korean,English,월요일 스웨덴 한림원 노벨상 문학위원회 사무총장 사라 다니우스는 스웨덴 스베리예스 라디오의 라디오 프로그램에서 위원회는 2016년 노벨 문학상 수상 소식을 밥 딜런에게 직접 전달하는 것이 불가능하여 그에게 연락을 취하려는 노력을 포기했다고 공개적으로 발표했습니다.,"The Secretary-General of the Swedish Academy, Sara Danius, announced publicly that the committee had given up on trying to contact Bob Dylan directly to inform him that he had won the 2016 Nobel Prize in Literature, as it was impossible to do so through Swedish SVT's radio program.",3.2167
Korean,English,"""대니어스(Danius)는 """"지금 우리는 아무것도 하지는 않고 있다. 그의 가장 가까운 협력자에게 전화를 걸어 이메일을 보냈고 매우 친절한 답장을 받았다. 현재로서는 확실히 그것으로 충분하다.""""""","""Danius has stated that 'at the moment, we are not doing anything. He called his closest associate and sent an email, and received a very kind response. For now, that seems sufficient.'""",2.3064
Korean,English,링의 CEO인 제이미 시미노프 (Jamie Siminoff)는 차고에 있던 그의 숍에서 초인종 소리를 들을 수 없었을 때 회사를 시작했다고 말했습니다.,"According to Jamie Siminoff, the CEO of Ring, the company was founded after he was unable to hear the doorbell sound from his shop, which was located in a garage.",2.1675
Korean,English,그는 무선 도어벨(Wi-Fi doorbell)을 만들었다고 말했다.,He said he made a wireless doorbell (Wi-Fi doorbell).,0.8419
Korean,English,"Siminoff는 2013년, 쇼 출연자가 스타트업의 자금 지원을 거절했었던 Shark Tank 에피소드에 출연한 이후 매출이 증가했다고 말했습니다.",Mr. Siminoff stated that sales increased after he appeared on the Shark Tank episode in which he was rejected for funding by the show's contestants in 2013.,2.0519
Korean,English,"2017년 말, 시미노프는 쇼핑 텔레비젼 채널인 QVC에 출연했다.","In late 2017, Shiminov appeared on QVC, a shopping television channel.",1.1311
Korean,English,Ring은 경쟁 보안회사인 ADT 사와의 소송 또한 합의를 보았다.,"Ring has also reached a settlement with ADT, a competing security company.",0.9583
Korean,English,"한 실험용 백신이 에볼라 사망률을 줄일 수 있을 것처럼 보이지만, 지금까지 어떤 약도 기존의 감염을 치료하는데 적합하다고 명확하게 입증되지 않았습니다.","One experimental vaccine appears to potentially reduce Ebola mortality rates, but no medication has yet been clearly proven to be effective in treating existing infections.",1.6321
Korean,English,"항체 칵테일 지맵(ZMapp)은 초기에는 그 분야에서 가능성을 보였지만, 공식적인 연구들에 의하면 죽음을 방지하는 효과가 기대보다 작다고 합니다.","ZMapp, a cocktail of antibodies, showed promise in its early stages, but official studies suggest that its efficacy in preventing death is less than expected.",1.8716
Korean,English,"PALM 실험에서 ZMapp은 대조군의 역할을 했습니다. 즉, 과학자들은 ZMapp을 기준치로 사용했고 다른 세 가지 치료법을 이와 비교했습니다.","In the PALM study, ZMapp served as the control group. In other words, researchers used ZMapp as the benchmark and compared it with the other three treatments.",2.1322
Korean,English,"미국 체조 협회는 미국 올림픽 위원회의 서한을 지지하며, 미국의 전 운동선수가 안전한 환경을 가질 수 있도록 돕는 올림픽 관계자의 절대적 필요성을 인정합니다.","The United States Gymnastics Association supports and acknowledges the absolute necessity of Olympic officials ensuring a safe environment for American athletes, in accordance with the letter from the United States Olympic Committee.",2.1172
Korean,English,저희는 탈퇴가 아닌 조직 내에서 의미있는 변화를 추구함으로써 선수와 구단과 그리고 스포츠에 더 나은 결과를 가져올 수 있다는 USOC의 주장에 동의합니다.,"We agree with the USOC's assertion that by pursuing meaningful change within the organization, rather than withdrawal, we can achieve better outcomes for athletes, teams, and the sport as a whole.",2.2499
Korean,English,미국 체조단은 래리 나사르의 피해자들이 그동안 용기 있게 밝혀왔던 사실들이 어떻게 오랫동안 밝혀지지 않았으며 다시는 이런 일이 없도록 필요하고 적절한 조치를 취하기 위한 독립적인 조사를 지지한다.,The United States gymnastics team supports an independent investigation to uncover the facts that have been courageously revealed so far by Larry Nassar's victims and to take necessary and appropriate measures to prevent such incidents from happening again in the future.,2.6811
Korean,English,미국 체조 대표팀과 USOC는 같은 목표를 가지고 있습니다. 선수들이 안전하고 긍정적이며 격려 받는 환경에서 꿈을 좇을 수 있도록 체조 등의 스포츠를 가능한 한 안전하게 만드는 것입니다.,"The United States gymnastics team and the USOC share the same goal. They aim to create a gymnastics and other sports environment where athletes can pursue their dreams in a safe, positive, and supportive setting.",2.439
Korean,English,1960년대에 걸쳐 브레진스키는 케네디의 고문으로 근무한 후 린든 존슨 행정부에서 근무했다.,"In the 1960s, Brezhnev served as an advisor to Kennedy before working in the administration of Lyndon B. Johnson.",1.5977
Korean,English,그는 1976년 선발 과정에서 카터에게 외교정책에 대해 조언한 뒤 1977년부터 1981년까지 헨리 키신저의 뒤를 이어 국가 안보담당 대통령 보좌관(NSA)을 지냈습니다.,"He was selected in 1976 and advised Carter on diplomatic policy, serving as the National Security Adviser to the President from 1977 to 1981, succeeding Henry Kissinger.",2.1897
Korean,English,"그는 NSA로서 1978년 캠프 데이비드 어코드, 1970년대 후반에 미국과 중국의 관계 정상화, 1979년 이란 인질 위기로 이어진 이란 혁명, 1979년 소련의 아프가니스탄 침공과 같은 세계 문제를 외교적으로 다루는 일에서 카터 대통령을 보좌하였습니다.","He served as a presidential assistant to President Carter in handling international issues such as the Camp David Accords in 1978, the normalization of US-China relations in the late 1970s, the Iranian Revolution that followed the hostage crisis in Iran in 1979, and the Soviet invasion of Afghanistan in 1979.",3.6313
Korean,English,라이언 고슬링과 엠마 스톤이 출연한 이 영화는 모든 주요 부문에서 후보에 올랐다.,"The film, which stars Ryan Gosling and Emma Stone, was nominated in all major categories.",1.1805
Korean,English,라이언 고슬링과 엠마 스톤은 각각 남우주연상과 여우주연상 후보에 올랐습니다.,"Leonardo DiCaprio and Emma Stone have each been nominated for Best Actor and Best Actress, respectively.",1.2017
Korean,English,"다른 부문으로는 최우수 작품상, 감독상, 촬영상, 의상 디자인, 영화 편집상, 작곡상, 제작상, 사운드 편집상, 사운드 믹싱, 오리지널 각본상에 후보로 올라있다.","In addition, it is nominated for Best Work, Best Director, Best Cinematography, Costume Design, Film Editing, Original Score, Production, Sound Editing, Sound Mixing, and Original Screenplay.",2.3031
Korean,English,그 영화에서 나오는 오디션(꿈꾸는 바보들)과 시티 오브 스타 두 곡이 베스트 주제곡 후보에 올랐습니다. 라이온스게이트 스튜디오는 다른 스튜디오보다 월등히 많은 26개의 후보 지명을 받았습니다.,"The two songs, ""Dreaming Fool"" and ""City of Stars"", from that movie were nominated as the best theme song candidates. Lionsgate Studios received a significantly large number of 26 nominations, far exceeding other studios.",2.637
Korean,English,도널드 트럼프 미국 대통령은 늦은 일요일 시간대에 대변인을 통해 발표한 성명에서 미군이 시리아에서 철수할 것이라고 발표했다.,President Donald Trump of the United States announced through a spokesperson in a statement made during late Sunday hours that US troops will be withdrawing from Syria.,1.659
Korean,English,이 발표는 트럼프가 레제프 타이이프 에르도안 터키 대통령과 전화 통화를 한 후에 이루어졌다.,This announcement was made after President Trump spoke on the phone with Turkish President Recep Tayyip Erdogan.,1.2097
Korean,English,또한 터키는 유럽 국가들이 본국으로 송환하는 것을 거부한 체포된 ISIS 전투기를 보호할 것이라고 밝혔다.,Turkey has stated that it will protect captured ISIS fighters who have been refused repatriation by their home European countries.,1.4053
Korean,English,"이것은 적어도, 이미 널리 알려진 이론인, 몇몇 공룡들이 깃털을 가지고 있었다는 것을 확인 시켜 줄 뿐만 아니라, 색깔과 3차원 배열과 같이 일반적으로 화석만으론 부족한 세부적인 사항들을 제공한다.","This confirms, at the very least, that some dinosaurs had feathers, as is already widely known, and provides additional details such as color and three-dimensional arrangement, which are typically lacking in fossil records.",2.2931
Korean,English,. 과학자들은 이 공룡 깃털의 윗쪽이 진갈색이고 아랫쪽은 희거나 노란빛이었다고 밝혔다.,Scientists have announced that the dinosaur's feathers were likely dark at the top and light or yellow at the bottom.,1.2818
Korean,English,그러한 발견은 또한 조류에 있어서 깃털의 진화에 대한 통찰을 제공한다.,Such a discovery also provides insight into the evolution of feathers in birds.,0.8592
Korean,English,공룡 깃털은 우축이라고 불리는 잘 발달된 깃대가 없지만 미늘과 작은 깃가지 같은 다른 특징적인 깃털을 가지고 있으며 연구자들은 이런 다른 특징들이 나중에 진화하여 우축으로 발전했을 것이라고 추측했습니다.,"Feathers of dinosaurs, known as protofeathers, are well-developed but lack quill knobs, however, they possess other characteristic feathers such as filaments and small feather-like structures, and researchers have speculated that these other characteristics would have evolved later to develop into protofeathers.",3.2673
Korean,English,깃털의 구조는 비행 용이 아니라 체온 조절이나 과시용으로 쓰였음을 암시한다. 연구원들은 어린 공룡의 꼬리에서 나온 샘플을 조사하니 유아의 솜털이 아닌 성인 공룡의 깃털이라고 이야기하였다.,"The structure of feathers suggests that they were used for temperature regulation or display purposes rather than flight. Researchers have examined samples from the tail of young dinosaurs, stating that they were not downy feathers of juveniles, but rather adult dinosaur feathers.",2.8058
Korean,English,"이것은 젊은 공룡의 꼬리이지만, 샘플을 보면 어린 개체의 솜털이 아닌 성체의 깃털임을 알 수 있다고 연구진은 말합니다.","This is the tail of a young dinosaur, but upon closer examination, researchers say it appears to be the plumage of an adult, not the down of a juvenile.",2.0212
Korean,English,어제 아침 터키 가지안테프에 있는 경찰서에서 폭발한 차량 폭탄으로 인해 경찰관 2명이 죽고 20명 이상의 다른 사람들이 다쳤습니다.,"Yesterday morning, a vehicle bomb exploded at the police station in the Iraqi city of Fallujah, resulting in the deaths of two police officers and injuring more than 20 other people.",2.1731
Korean,English,그 주지사는 부상자 중 19명이 경찰관이라고 말했다.,The governor said that 19 of the injured were police officers.,0.7878
Korean,English,경찰은 공격에 대한 책임이 있다고 주장되는 다에시(ISIL) 무장세력에게 혐의를 두고 있다고 밝혔습니다.,The police have stated that they hold the Daesh (ISIL) militant group responsible for the attack.,1.2475
Korean,English,그들은 해가 다른 별들과 같이 발광성과 회전의 원리만으로 작동한다는 것을 발견했습니다.,"They have discovered that they operate solely on the principles of radiation and rotation, just like the sun and other stars.",1.3336
Korean,English,"발광도와 회전을 함께 사용해 별의 로스비 번호를 결정하는데, 이는 혈장 흐름(plasma flow)과 관련이 있다.","The use of fluorescence and rotation together is used to determine the Lobeck number of a star, which is related to plasma flow.",1.6413
Korean,English,로스비 수(Rossby number)가 작을수록 자기 역전 면에서 항성의 활동성 역시 작다.,"The Rossby number is small, so the star's activity is also small in terms of self-reversal.",1.3527
Korean,English,여행 중에 이와사키는 여러 번 난관에 봉착했다.,"During his travels, Ishiwara encountered numerous difficulties on several occasions.",0.8892
Korean,English,"그는 해적들에게 강도 당하고, 티베트에서 미친개에게 공격당했으며, 네팔에서는 거의 결혼할 뻔했고 인도에서 체포되었다.","He was robbed by pirates, attacked by a mad dog in Tibet, almost married in Nepal, and arrested in India.",1.4126
Korean,English,802.11n 표준은 2.4GHz와 5.0GHz 주파수 모두에서 작동합니다.,The 802.11n standard operates in both 2.4GHz and 5.0GHz frequency bands.,1.3586
Korean,English,"기지국에 이중 라디오가 있다면 이것이 802.11a, 802.11b와 802.11g가 이전 기종이라도 호환할 수 있게 해준다.","If a dual radio is present at the base station, this would enable compatibility with previous models of 802.11a, 802.11b, and 802.11g.",2.2156
Korean,English,802.11n은 이론상 최대 600Mbit/s의 대역폭을 가져 기존 표준에 비해 상당히 빠릅니다.,"The 802.11n standard has a theoretical maximum bandwidth of 600Mbit/s, which is significantly faster than existing standards.",1.5354
Korean,English,이 이야기에 관계된 두 명의 성인 자녀를 둔 기혼자인 듀발은 밀러에게 깊은 인상을 남기지 않았습니다.,"Duvall, a married man with two adult children, did not leave a lasting impression on Miller.",1.2088
Korean,English,"""의견을 물었을 때 밀러는 """"청문회 동안 마이크는 많은 이야기를 했습니다… 저는 준비를 하고 있었기 때문에 그가 하는 말을 듣지 못했습니다""""라고 말했습니다.""","""When asked for his opinion, Miller said, 'The microphone picked up a lot of conversation during the hearing... I was prepared, so I didn't hear what he was saying.'""",2.1366
Korean,English,"""후 주석은 """"2020년까지는 GDP 단위당 이산화탄소 방출량을 2005년 수준에서 현저한 폭으로 감소시키려고 노력할 것입니다""""라고 말했습니다.""","""The next chairman said, 'They will make a significant effort to reduce carbon emissions per GDP unit to the level of 2005 by 2020.'""",1.8361
Korean,English,그는 감산 규모는 중국의 경제 생산량을 바탕으로 정해질 것이라면서 수치를 밝히지 않았습니다.,"He did not reveal the scale of the reduction, saying it would be determined based on China's economic output.",1.3365
Korean,English,"""후는 개발도상국들이 """"일단 오염시키고 나중에 치우는 옛 방식을 탈피하도록"""" 격려했습니다.""",The developed countries have been commended to move away from the old method of polluting first and cleaning up later.,1.3751
Korean,English,"""후 주석은 """"그렇다 해서 그들에게 그 발달단계와 책임 범위, 능력을 벗어나는 의무를 지라고 요구해서는 안 된다""""라고 덧붙였다.""","""Furthermore, he added that it would be unreasonable to require them to assume obligations that exceed their developmental stage, scope of responsibility, and capabilities.""",1.6528
Korean,English,이라크 스터디 그룹은 오늘 12시 GMT(그리치니 표준시)에 리포트를 발표했다.,The Iraqi Study Group has released its report today at 12:00 GMT (Greenwich Mean Time) standard time.,1.4627
Korean,English,"이 시점에서 이라크의 행동이 종파적인 전쟁이나 폭력이 증가하는 것, 혹은 혼돈의 상태를 막을 수 있다는 데에 보장은 없다.","At this point, there is no guarantee that Iraq's actions will prevent sectarian wars or violence from increasing, or that chaos will be averted.",1.6846
Korean,English,보고서는 미국의 중동 정책에 관해 공개 토론과 의견 일치 형성에 대한 탄원으로 시작한다.,The report begins with a call for open discussion and consensus-building regarding the United States' Middle East policy.,1.2534
Korean,English,보고서는 행정부의 현재 이라크 정책에 대해 거의 모든 측면에서 매우 비판적이며 즉각적인 방향 변경을 촉구합니다.,The report is highly critical of the current Iraqi policy of the administration from almost every angle and urges an immediate change of direction.,1.4802
Korean,English,우선 78개 권고안 중 하나는 이라크의 적대적 개입에 대비하여 국경을 확보하고 이웃 국가들과의 외교 관계를 재정립하기 위해 올해 말이 되기 전에 새로운 외교 정책을 취해야 한다는 것입니다.,"First and foremost, one of the 78 recommendations is that a new diplomatic policy must be adopted before the end of this year in order to secure the border in preparation for Iraq's hostile intervention and to re-establish diplomatic relations with neighboring countries.",2.7766
Korean,English,현 상원 의원 겸 아르헨티나 대통령 부인 크리스티나 페르난데스 데 키르치네르(Cristina Fernandez de Kirchner)는 어제저녁 부에노스아이레스(Buenos Aires)에서 50km 떨어진 라 플라타(La Plata)에서 대선 출마를 선언했다.,"Yesterday evening, Argentine President's wife, Cristina Fernandez de Kirchner, announced her candidacy for the upcoming election in La Plata, a city located 50km away from Buenos Aires.",2.167
Korean,English,키르치네르 여사는 2005년 부에노스아이레스 지방 대표단의 일원으로 상원 의원 선거운동을 시작할 때와 같은 장소인 아르헨티나 극장에서 대통령 출마 의사를 밝혔다.,"Mrs. Kirchner announced her intention to run for president at the same location, the Teatro Argentino in Buenos Aires, when she began her campaign as a senatorial candidate in 2005.",2.4015
Korean,English,"카트리나 태풍 후에 구호물자와 재건축을 위한 지출을, 국가 재정에 보수적인 태도를 취하는 사람들이 '부시의 뉴올리언스 거래'로 일컬으면서 논쟁이 일어났다.","The controversy arose as people who take a conservative attitude towards national finances, referring to it as ""Bush's New Orleans deal,"" criticized the expenditures for relief materials and reconstruction after Hurricane Katrina.",2.1404
Korean,English,재건 활동에 대한 리버럴 측 비판은 소위 워싱턴 내부자들에게 재건 관련 계약이 돌아간 것에 초점을 맞추었습니다.,The liberal criticism of the reconstruction activities has focused on the fact that reconstruction-related contracts were awarded to so-called insiders within the Washington establishment.,1.5679
Korean,English,400만 명이 넘는 사람들이 장례식 참석을 위해 로마로 모여들었습니다.,Over 4 million people gathered in Rome for the funeral.,0.7908
Korean,English,참석한 인원수가 너무 많은 나머지 대부분이 성 베드로 광장에서 치러진 장례식에 입장할 수 없었습니다.,"Unfortunately, due to the large number of attendees, most people were unable to enter the funeral service held in St. Peter's Square.",1.5739
Korean,English,대형 텔레비전 스크린 여러 대가 로마 곳곳에 설치되어 사람들이 장례식을 관람할 수 있도록 했습니다.,Large television screens were installed in various locations throughout Rome to enable people to watch the funeral procession.,1.1062
Korean,English,"이탈리아 내 많은 도시들과 전 세계의 다른 도시 들내에서도, 특히나 폴란드, 비슷한 스크린들이 설치되어서 많은 사람들이 볼 수 있도록 하였습니다.","In many cities within Italy and other cities around the world, particularly in Poland, similar screens have been installed so that many people can view them.",1.7083
Korean,English,역사학자들은 FBI의 성공률을 일부러 높이기 위해 도난 차량 사건과 같이 쉬운 사건에만 초점을 두고 자원을 집중하는 과거의 FBI 정책을 비판해 왔다.,Historians have criticized the FBI's past policy of focusing resources on easy cases such as the stolen car incident in order to deliberately inflate its success rate.,1.7348
Korean,English,"미 의회는 2005년도 예산부터 외설 방지책 자금을 배정했으며, FBI에서 성인 포르노 분야에 10명의 요원을 반드시 배치할 것을 특정했다.","The House of Representatives has allocated funds for obscenity prevention measures since the 2005 budget, and the FBI has specifically required the placement of at least 10 personnel in the adult pornography field.",2.2563
Korean,English,로빈 우타파(Robin Uthappa)가 이닝 최고점을 기록했다. 4점 11개와 6점 2개로 41 투구만에 70 런을 쳐 이닝 최고점을 기록했다.,"Robin Uthappa achieved a career-high score of 70 runs in just 41 balls, with 4 fours and 6 sixes.",1.9248
Korean,English,중간 순서 크리켓 배트맨인 사친 텐둘카르와 라훌 드라비드는 훌륭한 성적을 냈으며 100런 파트너쉽을 이뤄냈습니다.,"The middle-order batsmen, Sachin Tendulkar and Laxman Dravid, have performed exceptionally well and have achieved a 100-run partnership.",1.8467
Korean,English,"하지만, 주장이 위킷(wicket)을 잃은 후 인도는 이닝을 끝내기 위해 7개의 위킷을 잃으며 36득점을 했을 뿐이다.","However, after losing the wicket, India was able to end the inning by losing 7 wickets and scoring 36 runs only.",1.6567
Korean,English,조지 W. 부시 미합중국 대통령은 11월 16일 아침 싱가포르에 도착하는 것으로 일주일에 걸치는 아시아 순방을 시작하였다.,"President George W. Bush of the United States arrived in Singapore on the morning of November 16, marking the beginning of a week-long tour of Asia.",1.7101
Korean,English,그는 싱가포르 부총리 웡칸셍의 환영을 받았고 싱가포르 총리 리셴룽과 무역 및 테러 문제를 논의하였습니다.,He was warmly welcomed by Singapore's Deputy Prime Minister Wong Kan Seng and had discussions with Singapore's Prime Minister Lee Hsien Loong on trade and terrorism issues.,1.8583
Korean,English,"부시는 중간 선거에서 일주일 내내 이어진 패배 이후, 아시아에서의 무역 확장 정책을 발표했습니다.","Following a week of consecutive losses in the mid-term elections, he announced an expansion of trade in Asia.",1.2138
Korean,English,"스티븐 하퍼 총리는 화요일 PMO에서 NDP 대표 잭 레이턴과의 25분 회담을 끝낸 후, 정부의 '대기 오염 방지법'을 두 번째로 읽기 전에 모든 당무회에 보내 검토하게 하는데 동의했습니다.","The Premier, Steven Harper, agreed to have all caucus members review the ""Clean Air Act"" before he reads it for a second time, following a 25-minute meeting with NDP representative Jack Layton at the PMO on Tuesday.",2.7241
Korean,English,"""레이튼(Layton)은 총리와의 면담에서 보수당의 환경 법안을 """"철저히, 완전하게 재작성"""" 할 것을 요청하며, 보수당의 환경 법안에 대한 변경을 촉구했다.""","""Layton requested a thorough and complete rewriting of the Conservative Party's environmental bill during a meeting with the Prime Minister, and urged changes to the Conservative Party's environmental bill.""",1.988
Korean,English,"연방정부가 타즈마니아 데본포트에 있는 머시 병원의 자금을 인수하기 위해 개입했을 때부터, 주 정부와 일부 연방 하원 의원들은 이러한 행동이 11월에 있을 연방선거전의 일환으로 쓰일 거라고 비난해왔다.","From the moment the federal government intervened to take over the finances of the Mercy Hospital in Devonport, Tasmania, local government and some federal House of Representatives members have been criticizing that this action will be used as a pre-election tactic in November.",2.7576
Korean,English,"그러나 존 하워드 총리는 이번 조치는 태즈메이니아 정부에 의해 병원 시설이 격하되는 것을 막기 위한 것이라고 말하며 4,500만 달러를 추가로 지급했다.","However, Premier Hodgman says the measure is intended to prevent hospital facilities from being downgraded by the Tasmanian government, and an additional $45 million has been allocated.",1.9679
Korean,English,"최근 속보에 의하면, 쓰나미가 발생했을 때의 해수면 수치가 기록되었으며, 실제로 파고 파고와 니우에 근처에 쓰나미가 강타했다고 밝혀졌다.","According to recent reports, the sea level at the time of the tsunami was recorded, and it was confirmed that the tsunami actually hit the areas of Pago Pago and Niuatoputapu.",2.412
Korean,English,"통가에선 큰 피해나 부상자들이 보고되지는 않았지만, 전력 수급이 일시적으로 끊겨 통가 당국이 PTWC에서 발령한 쓰나미 경보를 받지 못한 것으로 알려졌습니다.","There have been no reports of significant damage or casualties in Tonga, but it is understood that the Tongan authorities did not receive the tsunami warning issued by PTWC due to a temporary disruption in power supply.",2.3673
Korean,English,해안지대 또는 그 주변에 있는 14개의 하와이 소재 학교는 경보가 해제되었음에도 지난 수요일 휴교하였습니다.,The 14 Hawaii-based schools located on or near the coastal area observed a holiday despite the warning having been lifted on Wednesday.,1.4972
Korean,English,조지 W. 부시 미국 대통령은 이 같은 발표를 환영했습니다.,President George W. Bush of the United States welcomed this announcement.,0.8595
Korean,English,"""부시의 대변인 고든 존드로는 북한의 약속에 대해 """"한반도의 비핵화를 달성하기 위한 주요 단계""""라고 평했습니다.""","Bush's spokesperson, Gordon Johndroe, stated that North Korea's commitment is ""a major step towards achieving denuclearization of the Korean Peninsula.""",1.8277
Korean,English,대서양 허리케인의 열 번째 폭풍인 아열대 폭풍 제리가 오늘 대서양에서 생성되었습니다.,"The tenth hurricane of the Atlantic hurricane season, Tropical Storm Jeremy, formed today in the Atlantic.",1.1169
Korean,English,"미국 국립 허리케인 센터 (NHC)에 의하면, 태풍 제리는 더 이상 위협이 되지 않는다.","According to the National Hurricane Center (NHC) in the United States, Typhoon Jery is no longer a threat.",1.4909
Korean,English,미국 공병대는 시간당 6인치의 강우량이 기 파손된 제방을 무너뜨릴 수 있다고 추정했다.,The US Army Corps of Engineers estimated that the levee could be breached and collapse at a rate of six inches per hour.,1.4983
Korean,English,허리케인 카트리나 때 최고 20 feet 높이의 홍수를 겪은 나인스 워드(the Ninth Ward)는 현재 근처 제방이 범람하면서 허리 높이까지 차오르고 있다.,"The Ninth Ward, which experienced the highest 20 feet of flooding during Hurricane Katrina, is currently seeing nearby levees overflow and rise to the roof level.",1.8281
Korean,English,100피트 너비의 제방 너머로 물이 흘러넘칩니다.,"Water flows over the levee, which is 100 feet wide.",0.8575
Korean,English,Commons 관리자 Adam Cuerden은 지난달 위키 뉴스와의 통화에서 삭제에 대한 불만을 드러냈다.,"Mr. Adam Cuerden, a Commons administrator, expressed his dissatisfaction with deletions during a phone call with Wiki News last month.",1.5381
Korean,English,"""""""그 (웨일즈)는 처음부터 우리에게 거짓말했어요. 먼저 이 모든 것이 법적인 이유 때문이라고 했고, 또 삭제하기 직전까지 우리의 말을 듣는 것처럼 행동했죠."""" ""","""He (the Welshman) lied to us from the very beginning. He initially said it was all due to legal reasons and even pretended to listen to our words until the very last moment.""",2.1747
Korean,English,최근 공동체적 반감으로 인해 수백만 개의 공개 라이선스 미디어가 실린 사이트의 성적 콘텐츠에 관한 정책 시안을 작성하기 위한 노력이 생겨났습니다.,"Recently, due to growing community sentiment, efforts have been made to draft a policy proposal regarding the sexual content of publicly licensed media hosted on the site.",1.7143
Korean,English,비록 대부분 이론에 의존하긴 해도 프로그램은 궁수자리 은하 관측을 시뮬레이션하도록 짜여 있습니다.,"Although it relies heavily on theory, the program is designed to simulate the observations of the Archer's Arrow galaxy.",1.3226
Korean,English,팀이 찾고 있던 효과는 은하계의 암흑물질과 은하수의 암흑물질 사이의 기조력에 의해 발생했을 수 있습니다.,The effect that the team was searching for may have occurred due to the galactic tide between galactic dark matter and galactic dark energy.,1.6115
Korean,English,"달이 지구에 당기는 힘을 발휘하여 조수를 일으키듯이, 은하수도 궁수자리 은하계에 힘을 발휘한다.","The moon exerts its gravitational pull on the Earth, causing tidal waves, and the galaxy also exerts its force on the galaxy in the constellation of the archer.",2.1108
Korean,English,과학자들은 암흑물질이 일반 물질과 같은 방식으로 다른 암흑물질에 영향을 준다고 결론지었습니다.,Scientists have concluded that dark matter affects other dark matter in the same way as it does ordinary matter.,1.2502
Korean,English,"이 이론에 따르면 은하계 주변 암흑물질의 대부분은 마치 후광처럼 은하계 주위에 자리 잡고 있으며, 대량의 작은 입자들로 구성되어 있다.","According to this theory, the majority of dark matter surrounding the galaxy cluster is situated around the galaxy cluster, much like a halo, and is composed of a large number of small particles.",2.0963
Korean,English,TV 보도는 공장에서 나오는 흰 연기를 보여줍니다.,The TV report shows white smoke coming out of the factory.,0.7829
Korean,English,현지 당국은 그 발전소 인근 주민들에게 실내에 머물며 에어컨을 끄고 수돗물을 마시지 말라고 경고하고 있다.,"Local authorities are warning nearby residents to stay indoors, turn off air conditioning, and refrain from drinking tap water.",1.318
Korean,English,"일본의 핵 관련 정부 기관에 따르면, 방사성 세슘과 요오드가 발전소에서 검출되었다고 한다.","According to the Japanese government agency responsible for nuclear matters, radioactive caesium and iodine were detected at the power plant.",1.5
Korean,English,당국은 이것이 현장에서 우라늄 연료를 보관하는 컨테이너가 파열되어 누출되고 있다는 것을 나타낸다고 추정한다.,"The authorities are believed to indicate that the container, which is storing uranium fuel on site, has ruptured and leaked.",1.3999
Korean,English,토니 몰 박사는 남아공 지역인 콰줄루나탈에서 XDR-TB(약물 내성 결핵)를 발견했습니다.,Dr. Tony Moll discovered XDR-TB (extensively drug-resistant tuberculosis) in the KwaZulu-Natal region of South Africa.,1.6585
Korean,English,그는 인터뷰에서 새로운 변종이 '치명률이 무척 높아 아주 대처하기 어려우며 두렵다고 언급했다.,He mentioned in the interview that the new variant has a very high mortality rate and is quite difficult to handle and is frightening.,1.4218
Korean,English,"Moll 박사는 일부 환자가 병원에서 질병에 감염되었을 수 있다고 생각하며, 그중 적어도 2명은 건강한 병원 근로자였을 것으로 생각했습니다.","Dr. Moll believes that some patients may have contracted the disease at the hospital, and she thinks that at least two of them were healthy hospital workers.",1.8315
Korean,English,"1년이라는 시간 동안, 감염자 1명이 밀접 접촉자 10명에서 15명을 감염시킬 가능성이 있습니다.","Within a one-year period, an infected individual may potentially infect 10 to 15 close contacts.",1.1556
Korean,English,"그러나 전체 결핵 환자 중 XDR-TB가 있는 비율은 그리 높지 않은 듯합니다. 어느 특정 순간에 남아프리카에서 결핵에 걸린 환자가 330,000명이라고 할 때, 6,000명 정도가 XDR-TB가 있는 수준입니다.","However, it appears that the proportion of patients with XDR-TB among all TB patients is not particularly high. Given that there were approximately 330,000 TB patients in South Africa at a certain point in time, around 6,000 of them had XDR-TB.",3.1369
Korean,English,"무게가 1,000파운드를 초과하고 시속 약 17,500마일로 이동하던 이 두 위성이 지구 상공 491마일에서 충돌했습니다.","The two asteroids, weighing over 1,000 pounds and traveling at approximately 17,500 miles per hour, collided in the Earth's atmosphere at an altitude of 491 miles.",2.1785
Korean,English,과학자들은 충돌로 인한 폭발이 거대했다고 말한다.,Scientists say that the explosion was massive due to the collision.,0.8051
Korean,English,그들은 여전히 충돌의 크기와 지구가 어떤 영향을 받을 것인지에 대해 연구 중이다.,They are still studying the size of the collision and what impact the Earth will face.,1.0504
Korean,English,미 국방부의 전략사령부가 잔해를 추적 중에 있다.,The U.S. Department of Defense's Strategic Command is currently tracking the debris.,1.0213
Korean,English,도표화된 분석 결과가 공개 웹사이트에 게시될 예정입니다.,The graphical analysis results will be posted on the public website.,0.7504
Korean,English,펜실베이니아주 피츠버그 아동 병원에서 근무했던 한 의사의 어머니가 수요일 해당 의사의 차량 트렁크에서 숨진 채 발견되자 해당 의사를 가중 살인 혐의로 기소할 것이라고 오하이오주 당국이 밝혔습니다.,"According to Ohio authorities, a doctor who used to work at Pittsburgh Children's Hospital in Pennsylvania will be charged with aggravated murder after the doctor's mother was found dead in the trunk of the doctor's vehicle on Wednesday.",2.4386
Korean,English,29세의 말라라 발라수브라마니아 박사는 신시내티에서 북쪽으로 약 15마일 떨어진 교외 지역인 오하이오주 블루 애쉬에서 도로 옆 바닥에 누워 티셔츠와 속옷만 입은 채 약물에 취한 상태로 발견되었습니다.,"A 29-year-old Malawian doctor, Balasubramaniam, was found lying on the side of the road in a suburban area of Ohio, approximately 15 miles north of Cincinnati, wearing only a t-shirt and underwear, in a state of apparent intoxication.",3.2512
Korean,English,그녀는 경관들에게 150미터 떨어져 있는 그녀의 검은색 올즈모빌 인트리그를 가리켰다.,She pointed out to the police officers that her black Oldsmobile Intrigue was 150 meters away.,1.2748
Korean,English,그곳에서 그들은 피 묻은 담요로 덮인 53세의 사로자 발라스브라마니안 (Saroja Balasubramanian)의 사체를 발견했습니다.,"They found the body of 53-year-old Saroja Balasubramanian, covered in a blood-stained blanket, at the scene.",1.7197
Korean,English,경찰은 시체가 하루 정도 있었던 것으로 보인다고 말했습니다.,The police stated that the body had been there for approximately a day.,0.9131
Korean,English,이번 시즌의 첫 발병 사례는 7월 말에 보고되었습니다.,The first reported case of this season occurred in late July.,0.7636
Korean,English,"이 병은 돼지에 의해 옮겨진 다음, 모기를 통해 인간에게 옮겨집니다.","This disease is transmitted to pigs first, and then to humans through mosquitoes.",0.9123
Korean,English,"이번 발병으로 인도 정부는 심각한 피해를 입은 지역에 돼지 포획꾼을 파견하고, 모기장 수천 장을 배급했으며 살충제를 살포하는 등의 조치를 취했다.","Following this outbreak, the Indian government has dispatched pig catchers to areas severely affected, distributed thousands of mosquito nets, and taken measures to spray insecticides.",1.8143
Korean,English,정부에서 수백만 개의 뇌염 백신의 전달하기로도 약속한 만큼 내년 보건 기관들의 준비에 큰 도움이 될 것이다.,The government's promise to deliver hundreds of millions of doses of meningitis vaccine will undoubtedly be a great help to the health agencies next year.,1.6796
Korean,English,올해 역사상 가장 타격이 심한 지역에 백신을 전달하기 위한 계획이 자금 부족과 다른 질병에 비해 낮은 우선순위로 인해 연기되었습니다.,This year's plan to deliver vaccines to the most severely affected areas in history has been delayed due to a lack of funds and a lower priority compared to other diseases.,1.988
Korean,English,"슬라니아는 1956년에 스웨덴으로 이주하였습니다. 그로부터 3년 뒤, 그는 스웨덴 우체국에서 일하기 시작하여 우체국 수석 조각공이 되었습니다.","Slania moved to Sweden in 1956. Three years later, he began working at the Swedish postal service and eventually became the chief sculptor of the postal service.",2.0011
Korean,English,"그는 스웨덴과 다른 28개국을 위해 1,000개 이상의 우표를 제작했다.","He has designed over 1,000 stamps for Sweden and 28 other countries.",1.0179
Korean,English,"""그의 작품은 높은 품질과 세밀하기로 정평이 나 있고 그는 도장 파는 사람 중 정말 몇 되지 않는 """"누구나 아는 이름""""의 소유자이다. 그의 작품만을 전문으로 수집하는 사람들도 있다.   ""","His works are renowned for their high quality and meticulousness, and he is one of the few ""household name"" owners among seal sellers. There are also those who specialize in collecting only his works.",2.4637
Korean,English,"그의 1,000번째 도장은 2000년에 다비드 클뢰커 에렌슈트랄의 장대한 작품인 '스웨덴 역대 왕의 위업'을 새긴 것이다. 그리고 이는 기네스 세계 기록에 등재되어 있다.","His 1,000th edition, engraved with the grand work of David Klöcker Ehrenstrahl, ""The Achievements of Sweden's Kings,"" is registered in the Guinness World Records.",2.3398
Korean,English,"그는 또한 다른 국가들의 지폐를 새기는 일에도 참여했는데, 최근 캐나다에서 나온 새 5달러와 100달러 지폐 전면에 나온 총리의 초상화가 그의 작품이다.","He was also involved in engraving the currency of other countries, and the recent Canadian 5-dollar and 100-dollar bills, which feature the portrait of the Prime Minister on the front, are among his works.",2.506
Korean,English,"사건 발생 이후, 깁슨(Gibson)은 병원으로 이송되었으나 얼마 후 숨을 거뒀다.","Following the incident, Gibson was transported to the hospital, but unfortunately, he did not survive for long.",1.2878
Korean,English,64세인 트럭 운전수는 충돌 사고에서 부상을 입지 않았습니다.,The 64-year-old truck driver was fortunately not injured in the collision.,0.9436
Korean,English,해당 차량은 같은 날 그리니치 표준시로 대략 12시에 사고 현장에서 옮겨졌습니다.,"The vehicle in question was relocated to the scene of the accident approximately at 12 o'clock on the same day, Greenwich Mean Time.",1.5817
Korean,English,"""사고 지점 인근 한 정비소에서 근무하는 한 사람은 """"길을 건너려고 기다리던 아이들이 모두 비명을 지르며 울고 불고 난리였어요""""라고 말했다.""","""A person who works at a nearby repair shop near the accident site said, 'The children who were waiting to cross the street were all crying and screaming wildly.'""",1.9626
Korean,English,그들은 모두 사고 현장으로 달려갔다.,They all rushed to the scene of the accident.,0.6337
Korean,English,다른 주제로는 세계에 남아 있는 숲을 구하고 개발도상국들이 오염이 덜한 방법으로 성장할 수 있도록 돕는 기술을 공유하는 것이 발리 아젠다에 포함됩니다.,"This initiative is also part of Bali's agenda, which includes sharing technology to help preserve the remaining forests worldwide and enable developing countries to grow in a less polluting manner.",1.9847
Korean,English,또한 유엔은 지구 온난화의 영향을 받는 국가들의 대처를 돕기 위한 기금의 조성을 완료하기를 기대하고 있습니다.,We are expecting the establishment of a fund to assist countries affected by global warming to be completed.,1.2097
Korean,English,"그 돈은 홍수 대비 주택, 수자원 관리 발전, 그리고 농작물 다양성 쪽으로 갈 수 있다.","That money could potentially be allocated towards flood-prepared housing, water resource management development, and crop diversity.",1.3143
Korean,English,플루크(Fluke)는 여성들이 여성의 건강에 대해 소리를 높이는 것을 그저 흘려보내려는 일부의 노력이 수포로 돌아갔다고 작성했다.,Fluke has argued that the efforts of some to raise awareness about women's health issues have been in vain.,1.3072
Korean,English,그녀는 피임약이 의학적으로 꼭 필요한 것으로 여겨야 한다고 촉구하는 여성과 남성 모두의 긍정적인 의견과 격려가 쇄도했기 때문에 이런 결론을 내렸다.,She has concluded this after receiving numerous positive opinions and encouragement from both women and men who believe that contraceptive pills are medically necessary.,1.477
Korean,English,"부상자들이 병원으로 이송되고 싸움이 중단되자, 약 40명의 수감자들은 교도소 마당에서 버티며 각자 유치장으로 돌아가길 거부했습니다.","As prisoners were being transported to the hospital and the fighting subsided, approximately 40 inmates refused to return to their cells, instead standing their ground in the prison courtyard.",2.0084
Korean,English,"협상가들은 상황을 바로잡으려고 했지만, 포로들의 요구는 명확하지 않습니다.","The negotiators tried to rectify the situation, but the demands of the hostages are unclear.",1.153
Korean,English,오후 10 - 11시 MDT(산악 여름 시간) 사이에 수감자들이 교도소 마당에 화재를 시작했다.,"Between 10 and 11 o'clock in the afternoon, MDT (Mountain Daylight Time), inmates started a fire in the prison yard.",1.7354
Korean,English,"곧, 폭동 진압 장비를 갖춘 경찰들이 마당으로 진입해 최루 가스를 이용하여 수감자들을 코너로 몰아넣었습니다.","The police, equipped with riot control equipment, soon entered the yard and used tear gas to herd the inmates into a corner.",1.5321
Korean,English,소방 구조 대원들이 결국 오후 11시 35분까지 불을 껐다.,The firefighters were eventually able to extinguish the flames by 11:35 in the afternoon.,1.1748
Korean,English,"1963년에 댐이 건설된 후, 강 전반에 퇴적물을 퍼트리는 계절 홍수가 그쳤습니다.","Following the construction of the dam in 1963, seasonal floods that deposited sediment throughout the river have since subsided.",1.4929
Korean,English,이 퇴적물은 야생 동물 서식지로 사용되는 샌드바와 해변을 생성하는데 필수적이어습니다.,This sediment is essential for creating sandbars and beaches that are used as habitats for wild animals.,1.1085
Korean,English,"그 결과로, 물고기 두 종은 멸종되었고, 험프백 첩을 포함한 다른 두 종은 멸종 위기에 처하였다.","As a result, two species of fish have gone extinct, and two other species, including the Humphback whale, are on the brink of extinction.",1.7702
Korean,English,홍수때문에 수위가 몇 피트 상승하겠지만 관계자들은 이로 인해 하류에 침식된 모래톱이 복구되기를 기대하고 있다.,"Although the water level is expected to rise a few feet due to the flood, concerned parties are hoping that the erosion of the sandbars downstream will be restored.",1.8214
Korean,English,쓰나미 경고는 발령되지 않았으며 자카르타 지구 물리학 연구소에 의하면 진도 6.5를 넘지 않는 지진에는 쓰나미 경고가 발령되지 않을 것이라고 합니다.,"A tsunami warning has not been issued, and according to the Jakarta Geophysics Research Institute, a tsunami warning will not be issued for earthquakes with a magnitude of 6.5 or less.",2.2878
Korean,English,쓰나미의 위험이 없었음에도 불구하고 주민들은 공황 상태에 빠지기 시작했고 자신의 사업장과 집을 떠나기 시작했습니다.,"Despite the lack of a tsunami threat, residents began to panic and started leaving their workplaces and homes.",1.216
Korean,English,"비록 윈프리가 작별 인사에서 눈물지었지만, 팬들에게 반드시 다시 돌아오겠다고 약속했다.","Although Winfry was tearful in her farewell greeting, she promised her fans that she would definitely return again.",1.34
Korean,English,"""""""이건 작별 인사가 아닙니다. 이것은 한 장의 끝이며 새로운 장의 시작입니다.""""""","""This is not a farewell greeting. It is the end of one chapter and the beginning of another.""",1.1849
Korean,English,나미비아 대통령 및 의회 선거의 최종 결과에 따르면 현직 대통령인 히피케푸니에 포함바가 큰 표차로 재당선된 것으로 밝혀졌다.,"According to the final results of the presidential and parliamentary elections in Namibia, incumbent President Hifikepunye Pohamba has been re-elected with a significant margin.",1.8261
Korean,English,집권당인 서아프리카 인민 기구(SWAPO)도 의회 선거에서 과반수를 유지했습니다.,"The ruling party, the South West African People's Organization (SWAPO), also maintained a majority in the parliamentary elections.",1.3776
Korean,English,"연합군과 아프간군은 해당 구역에 진입하여 주변을 장악했고, 다른 연합군 항공기도 지원을 위해 파견됐다.","The coalition forces and Afghan forces have entered the area and gained control of the surroundings, and additional coalition aircraft have been dispatched to provide support.",1.6049
Korean,English,"해당 충돌은 산악 지형의 높은 위치에서 발생했으며, 예기치 않은 화재로 인해 발생되었다고 여겨집니다.",The incident is believed to have occurred at a high elevation in a mountainous terrain and is thought to have been caused by an unexpected fire.,1.7236
Korean,English,추락 지점을 수색하려는 노력은 악천후와 험한 지형에 맞닥뜨리고 있습니다.,Efforts to search for the crash site are being hindered by adverse weather and rugged terrain.,1.1291
Korean,English,"의료 자선 단체인 Mangola, 국경 없는 의사회, 세계보건기구(WHO)는 이 발병이 이 나라에서 기록된 최악의 발병이라고 입을 모읍니다.","Medical charity organizations such as Mangola, Médecins Sans Frontières, and the World Health Organization (WHO) have stated that this outbreak is the worst recorded in this country.",2.1459
Korean,English,"""국경 없는 의사회 리차드 비어만(Richard Veerman) 대변인은 """"앙골라는 최악의 사태로 치닫고 있으며 앙골라의 상황은 여전히 매우 나쁩니다""""라고 말했습니다.""","""The spokesperson for the International Red Cross, Richard Veerman, stated that Angola is facing its worst-case scenario and the situation in Angola remains very dire.""",1.7583
Korean,English,"경기는 좋은 날씨 가운데 10시에 시작해, 아침나절에 내리다 금방 그친 약간의 보슬비를 제외하곤 7개국 럭비 대회를 위해선 완벽한 날이었다.","The game took place on a perfect day, with good weather, starting at 10 o'clock, and aside from a brief drizzle in the morning, it was a wonderful day for the 7-nation rugby tournament.",2.5029
Korean,English,토너먼트의 톱시드 국인 남아프리카 공화국은 제5시드국 잠비아를 26 대 00으로 편하게 이기고 순조로운 출발을 알렸다.,"South Africa, the top seed in the tournament, comfortably defeated Zambia, the fifth seed, with a score of 26-00, indicating a smooth start.",1.8329
Korean,English,남쪽 국가들과의 경기에서는 완전히 실력이 녹슨 것으로 보였던 남아프리카였지만 토너먼트가 진행됨에 따라 실력이 꾸준히 향상되었습니다.,"South Africa, which seemed to be completely out of its league against the southern nations, showed a steady improvement in its performance as the tournament progressed.",1.6963
Korean,English,"잘 훈련된 수비 기술, 공 핸들링 기술 및 훌륭한 팀워크가 그들을 돋보이게 했고 이것으로 팀이 승리를 거머쥘 것이라는 사실은 누가 봐도 명백했습니다.","Their well-trained defensive skills, excellent ball-handling skills, and outstanding teamwork stood out, and it was clear to anyone that the team would secure a victory.",1.8558
Korean,English,"암스테르담시와 안네 프랑크 박물관 관계자들은 이 나무가 곰팡이에 감염되어 있으며, 나무가 곧 넘어질 위험이 있다고 주장하면서 공중 보건 위험을 야기하고 있다고 말합니다.","Amsterdam City officials and staff at the Anne Frank House claim that the tree is infected with fungus and is at risk of falling, posing a public health hazard.",1.827
Korean,English,화요일에 베어 쓰러뜨릴 예정이었으나 긴급 법원의 판결로 구조되었다.,"On Tuesday, it was scheduled to be executed by hanging, but was reprieved by a last-minute court ruling.",1.4196
Korean,English,"""""""세븐 시스터즈""""라는 이름이 붙은 모든 동굴의 입구는 지름이 최소 100에서 250미터(328피트에서 820피트) 정도이다.""","The entrances to all caves with the name ""Seven Sisters"" have diameters of at least 100 to 250 meters (328 to 820 feet) in diameter.",1.8851
Korean,English,적외선 사진은 밤과 낮의 온도 변화를 통해 동굴일 가능성이 높다는 것을 보여준다.,The infrared photo suggests that cave painting is likely to have been created during the day.,1.0455
Korean,English,"""""""이들은 주변 지표면보다 낮에는 더 시원하고 밤에는 더 따듯합니다.""","""These areas are cooler than the surrounding surface during the day and warmer at night.""",0.9815
Korean,English,"""미국 지질조사국(United States Geological Survey) 천문지질학 팀 및 아리조나주 플래그스태프의 노던 아리조나 대학 소속인글렌 쿠싱(Glen Cushing)은 “이러한 열적 거동은 일정한 온도를 유지하는 지구의 큰 동굴만큼 안정적이지는 않지만, 지표면의 깊은 구멍에 일치한다""""고 말했습니다.""","According to Glen Cushing, a team member of the United States Geological Survey's Astrogeology Branch and a professor at Northern Arizona University in Flagstaff, Arizona, ""such thermal behavior is not as stable as a large cave maintaining a constant temperature, but it matches the deep hole on the surface.""",3.339
Korean,English,"프랑스에서 투표는 전통적으로 저차원적인 경험이다. 유권자들은 부스에 고립되어 있고, 그들의 후보를 나타내는 사전 인쇄된 종이를 봉투에 넣는다.","In France, voting has traditionally been a somewhat isolating experience. Voters are confined to booths and insert a pre-printed ballot paper into a box to indicate their candidate.",1.9622
Korean,English,"직원들이 투표자의 신원을 확인한 후, 투표자는 투표함 속에 봉투를 넣고 선거인명부에 서명합니다.","After verifying the voter's identity, the voter places the ballot in the ballot box and signs the voter registration list.",1.3195
Korean,English,프랑스 선거법은 오히려 절차를 엄격하게 성문화합니다.,"The French electoral law, in fact, formalizes procedures with great strictness.",0.961
Korean,English,1988년부터 무기명 투표함은 반드시 투명하도록 해서 유권자들과 감독관들이 투표 시작 때 다른 봉투가 들어 있지 않은지 적법하게 계산된 공인된 투표자의 봉투 외에는 들어가는 것이 없는 것을 볼 수 있게 했다.,"From 1988 onwards, the sealed ballot boxes were made transparent so that voters and supervisors could see that nothing other than the officially counted and certified ballot envelopes of eligible voters were being inserted.",2.1995
Korean,English,후보자는 대표자를 보내서 선거의 전 과정을 참관할 수 있습니다. 저녁에는 특정 절차에 따라 철저한 감독하에 자원봉사자가 개표합니다.,"Candidates may send a representative to observe the entire electoral process. In the evening, volunteers will count the votes under strict supervision according to a specific procedure.",1.7545
Korean,English,앞서 비용 절감과 기능성 요인을 위해 전 세계적으로 출시된 ASUS Eee PC는 2007년 타이베이 IT Month에서 화제가 되었다.,"The ASUS Eee PC, which was launched globally for cost savings and functionality, was a topic of discussion at the 2007 Taipei IT Month.",1.774
Korean,English,그러나 아수스(ASUS)가 2007년 대만 지속가능상을 대만 정부 옌 행정 장관으로부터 수상한 뒤로는 노트북 컴퓨터의 소비자 시장이 급격히 다양해지고 변화할 것입니다.,"However, following the 2007 Taiwan Sustainability Award received from the Taiwanese government's Minister of Economic Affairs, Yen, the consumer market for notebook computers will rapidly diversify and change.",1.9969
Korean,English,방송국의 웹사이트에는 이 프로에 대해 '신선하고 무모한 얼간이들이 펼치는 전통적인 라디오 극장'이라고 소개하고 있습니다.,"The website of the broadcasting station introduces this program as ""fresh and reckless pranksters unfolding traditional radio dramas.""",1.2938
Korean,English,초기에 해당 프로는 토크 라디오에 중점을 둔 사이트이자 장기 인터넷 라디오 사이트인 TogiNet Radio에서 단독으로 진행되었습니다.,"Initially, the program was exclusively broadcast on TogiNet Radio, a site that focuses on talk radio and is a long-running internet radio site.",1.648
Korean,English,"2015년 말, TogiNet은 자회사 방송국으로 AstroNet Radio를 설립했습니다.","In late 2015, TogiNet established AstroNet Radio as its subsidiary broadcasting station.",1.1723
Korean,English,그 쇼에는 원래 텍사스 동부 현지인인 아마추어 성우들이 출연했었다.,The show originally featured amateur voice actors from East Texas.,0.706
Korean,English,"비슈케크 시가지에 법 집행관들이 나타나지 않자, 간밤에 광범위한 약탈이 계속되었다고 전해진다.",It is reported that widespread looting continued throughout the night as law enforcement officials failed to appear in the city of Visheksk.,1.5817
Korean,English,"""한 목격자는 사람들이 무리를 이루어 거리를 배회하고 물품을 약탈하는 것으로 보아 비슈케크(Bishkek)가 """"무정부""""상태로 빠지고 있다고 묘사하였습니다.""","""Witnesses have described Bishkek as descending into a state of ""chaos"" as people form mobs and loot goods on the streets.""",1.7519
Korean,English,일부 비슈케크 주민들은 남부 지역 시위대의 불법 무법 행위를 비난했습니다.,Some residents of Bishkek have condemned the unlawful actions of the southern region protesters.,1.0457
Korean,English,남아프리카 공화국은 남아프리카 루스텐버그 로열 바포켕 경기장에서 열린 럭비 유니언 트라이 네이션 경기에서 올블랙스(뉴질랜드)를 상대로 승리했습니다.,"South Africa won against the All Blacks (New Zealand) in the Rugby Union Tri Nations match held at the Royal Bafokeng Stadium in Rustenburg, South Africa.",1.9661
Korean,English,"최종 점수는 21 대 20으로 1점 차 승부였으며, 올블랙스(All Blacks)의 15연승으로 끝났다.","The final score was a one-point victory for 21 against 20, and it ended with All Blacks' 15th consecutive win.",1.8157
Korean,English,"스프링복스의 경우, 다섯 경기 연패를 기록했다.","In the case of the Springboks, they recorded five consecutive losses.",1.0025
Korean,English,그것은 2주 전 이미 트로피를 거머쥔 '올 블랙스'의 결승전이었다.,"It was, in fact, the championship match of the ""All Blacks"" that had already clinched the trophy two weeks prior.",1.544
Korean,English,시리즈의 마지막 경기는 스프링박스가 호주와 경기하는 다음 주에 요하네스버그의 엘리스 파크에서 개최됩니다.,"The final match of the series will be held at Ellis Park in Johannesburg next week, where Springboks will be playing against Australia.",1.5354
Korean,English,월요일 오후 10시 8분에 중진이 몬태나주 서부를 강타했습니다.,"On Monday afternoon at 10:08, a severe storm hit western Montana.",0.9297
Korean,English,미국 지질 조사국(USGS)과 국가 지진 정보 센터에서 아무런 즉각적인 피해 보고가 없었습니다.,There have been no immediate reports of damage from the United States Geological Survey (USGS) and the National Earthquake Information Center.,1.4937
Korean,English,"지진의 중심은 딜런에서 북동쪽으로 약 20km(15mile), 뷰트에서 남쪽으로 약 65km(40mile) 떨어진 곳이었습니다.",The epicenter of the earthquake was approximately 20 kilometers (15 miles) northeast of Dillon and about 65 kilometers (40 miles) south of Butte.,1.8786
Korean,English,"사람에게 치명적인 조류 독감의 변종인 H5N1가 월요일, 프랑스 동부 리옹 근처의 습지대에서 발견된 죽은 야생 오리에게 감염된 것으로 확인됐습니다.","The highly pathogenic avian influenza strain H5N1, which is fatal to humans, has been confirmed to have infected a dead wild goose found in a wetland near the city of Lyon in eastern France on Monday.",2.5674
Korean,English,"프랑스는 오스트리아, 독일, 슬로베니아, 불가리아, 그리스, 이탈리아에 이어 유럽에서는 7번째로 이 바이러스로 고생한 국가입니다.","France is the seventh country in Europe to struggle with this virus, following Austria, Germany, Slovenia, Bulgaria, Greece, and Italy.",1.5613
Korean,English,크로아티아와 덴마크에서 H5N1으로 의심되는 케이스들은 미확인으로 남아있습니다.,The suspected cases of H5N1 in Croatia and Denmark remain unconfirmed.,0.9899
Korean,English,"""챔버스는 """"수백만의 지구인들에게 널리 가해진 죽음, 파괴 및 수백만 번의 테러""""에 대해 신을 고소했습니다.""","The Chamber has filed a lawsuit against God for ""widespread death, destruction, and terrorism inflicted on hundreds of millions of earthlings.""",1.6931
Korean,English,"""불가지론자 챔버스는 자신의 소송이 """"사소하다""""며 """"누구나 누구든 고소할 수 있다""""고 주장했습니다.""","The nihilist Chamberlain claimed that his lawsuit is ""frivolous"" and that ""anyone can sue anyone.""",1.3819
Korean,English,"""카미유 생상(Camille Saint-Saens)이 프랑스 오페라에서 발표한 이야기는 """"마약과 일본에 대한 사랑이 지배한 삶을 산"""" 한 예술가의 이야기입니다.""","The story is about the life of an artist who lived under the influence of opium and love for Japan, as told in Camille Saint-Saens' French opera.",2.115
Korean,English,결과적으로 무대에서 공연자들이 마리화나 담배를 피우고 극장 자체에서 관객들에게 참여하도록 독려하고 있다.,"As a result, performers on stage are smoking marijuana and encouraging audience members to participate within the theater itself.",1.2755
Korean,English,"뉴트 깅리치 전 하원의장, 릭 페리 텍사스 주지사, 미셸 바흐만 하원 의원이 각각 4위, 5위, 6위를 차지했습니다.","Newt Gingrich, former Speaker of the House, Rick Perry, Governor of Texas, and Michele Bachmann, Representative of the House, respectively ranked fourth, fifth, and sixth.",2.0139
Korean,English,"결과가 나온 후 깅리치는 산토룸을 칭찬했지만, 아이오와에서 깅리치를 상대로 네거티브 선거 광고를 방송한 롬니를 향해서는 거친 말을 했습니다.","After the results came out, he praised Santorum for his Gingrich-like campaign, but then harshly criticized Romney for airing negative ads against Gingrich in Iowa.",1.7393
Korean,English,"""페리는 """"오늘 밤 간부 회의의 결과를 평가하기 위해 텍사스로 돌아가 이번 선거전에 나 자신에게 득이 되는 길이 있는지를 결정할 것""""이라고 말했지만, 나중에 그는 선거전에 남아 1월 21일 사우스캐롤라이나 예비선거에서 경쟁할 것이라고 말했습니다.""","""Perdue said he would return to Texas to evaluate the results of the general staff meeting tonight and decide if he would be a viable candidate for the upcoming election, but later stated he would remain in the state and compete in the January 21st South Carolina primary.""",3.1103
Korean,English,8월에 에임스 스트로 폴(Ames Straw Poll)에서 이긴 바흐만(Bachmann)은 캠페인 운동을 중단하기로 했다.,"In August, Bachmann, who won the Ames Straw Poll, has decided to suspend her campaign.",1.1769
Korean,English,"그 사진작가는 로널드 레이건 UCLA 메디컬 센터로 이송되었으나, 이후 그곳에서 사망하였습니다.","The photographer was transported to the Ronald Reagan UCLA Medical Center, where he later died.",1.0848
Korean,English,"""알려진 바에 따르면 그는 20대라고 한다. 성명서에서 비버는 """"제가 비록 그 비극적인 사건 현장에 있지 않았고 직접적인 관련도 없기는 해도, 희생자의 가족들을 위해 위로와 기도를 전합니다."""" ""","According to reports, he is in his 20s. In a statement, Beaver said, ""Although I was not present at the scene of the tragic event and was not directly involved, I offer my condolences and prayers to the families of the victims.""",2.8426
Korean,English,"연예 뉴스 웹사이트인 TMZ는 사진사가 세풀베다 대로 맞은편에 차를 세워 두고, 길을 건너기 전에 계속해서 경찰서 사진을 찍으려 시도하였으며, 이에 교통정리를 하던 캘리포니아 고속도로 경찰이 두 번이나 물러나도록 명령했던 것에 대해 시인하였습니다.","The celebrity news website TMZ reported that the photographer, Sepulveda, was attempting to take pictures of the police station before crossing the street, and was ordered to leave twice by the California Highway Patrol officers who were directing traffic at the time.",2.9024
Korean,English,경찰에 따르면 사진기자를 친 차량의 운전자는 형사 고발을 당할 가능성이 낮다.,"According to the police, the driver of the car involved in the photojournalist's accident is unlikely to face criminal charges.",1.472
Korean,English,"하루에 열여덟 개의 메달만 주어지기 때문에, 많은 국가가 메달 단상에 오르지 못했습니다.","Due to the fact that only 18 medals are awarded per day, many countries were unable to reach the medal table.",1.3924
